id;login;mdp;nom;prenom;date_naissance;genre;sexe;telephone;email;est_actif;dmaj_mdp;sta_connex;matricule_creation;matricule_modif;date_creation;date_modif;langue
1;Grocery Taka;Communications Personal Loan Account holistic;invoice Baby Refined Plastic Fish;Swiss Franc Mobility;Jordan;transmitter orchid backing up;Comoros;123-543-2300 x564;Eugenia65@yahoo.com;true;Drive Health;false;interface;cross-platform hybrid;bus Movies Producer;object-oriented;Games
2;sensor Investment Account;robust e-commerce black;logistical Locks firmware;Cheese;full-range Human lime;zero defect;withdrawal archive;1-683-770-8969 x4261;Lauryn46@hotmail.com;false;plug-and-play reinvent;true;Gorgeous Cotton Sausages pixel;orange;Buckinghamshire encoding;Car AGP;Personal Loan Account Berkshire cyan
3;Checking Account relationships Table;overriding;Principal District Small Fresh Tuna;next-generation Awesome Rubber Salad;parsing;Cotton;Generic Rubber Chair;1-573-666-0670 x19006;Anna81@hotmail.com;false;Buckinghamshire Kuwaiti Dinar;false;interface B2B Central;Group Metal 24/7;solid state;e-services;Concrete
4;Arizona Cotton Small;Investor generating;Director;deposit Cambridgeshire;Computer SSL Orchestrator;Nauru;Field Generic Concrete Towels;772-148-2136;Gudrun23@yahoo.com;true;national;false;monitor e-business;array maroon Hat;bypassing;implement;infrastructure
5;azure Buckinghamshire;Principal North Dakota Sleek;platforms calculating Home Loan Account;Hat mobile;open architecture Bike;flexibility;French Guiana Handcrafted;407-050-5402 x6710;Jovanny_Brekke38@yahoo.com;true;Shoes;false;withdrawal Tonga;deposit Utah;bi-directional;Oklahoma Personal Loan Account Metal;Tenge Car
6;Rest;disintermediate Vision-oriented;eco-centric Massachusetts digital;Pants dedicated;wireless Assistant;Specialist Legacy;navigating Home Loan Account;(007) 406-7625;Velva97@gmail.com;true;Fork Optimization Fork;false;Divide;Michigan Chicken;payment Buckinghamshire;action-items;Practical
7;Stravenue;back up;compressing calculate;AGP;Practical Steel Shirt Fresh;connect Cove;visionary Mouse infomediaries;(043) 449-1909 x873;Nicklaus_Jenkins26@yahoo.com;true;Music Advanced Director;true;Human;synergies customized;models driver;Small Towels;aggregate
8;FTP;digital plum;Operations haptic;Industrial;blue;Product Licensed Plastic Soap Baht;Associate;239.199.3137;Juliet.Bogan63@hotmail.com;true;panel open architecture;false;Salad ubiquitous;Money Market Account;e-business withdrawal;tangible Qatari Rial synergy;Fundamental
9;Grocery;Handmade Cotton Fish;Persevering Health monitor;hard drive;compressing;Michigan;archive Cambridgeshire Officer;1-298-546-4730;Wendell.Greenholt58@hotmail.com;true;Auto Loan Account Handmade;false;Bedfordshire Licensed Metal Salad;Kansas;Fantastic;Team-oriented systems Gorgeous;Automotive
10;Object-based;Security white;Throughway;Dynamic integrated;Sleek Granite Bacon Direct;ability navigating;Utah Alaska;1-529-331-4527;Damaris.Witting1@gmail.com;true;Shoes;false;Refined;Central;Integration;Fall scalable payment;Isle Checking Account Sleek
